,0,1,2,3,4,5,6,7,8,9,10,11,12,13,14,15,16,17,18,19,20,21,22,23,24,25,26,27,28,29,30,31,32,33,34,35,36,37,38,39,40,41,42,43,44,45,46,47,48,49
0,ATAGC,AGCTG,CTGTC,TAGCC,GAGTC,GCATA,AAGGT,GGTCA,CCATA,TCTCC,AGTAT,GCGGG,GGACG,CACCG,GGACC,GCCCC,GCTAT,CTAGC,GAGTA,GCCGA,TTAGG,AGTTT,CTACT,AAGAA,CGTAT,GTCGC,CTCCA,AAGTT,AGTAC,TTTCA,CTCGT,ATGCG,ATTAC,GAATC,GTGAG,TACGC,AACTG,CTTGG,CATCC,ACACC,GATAG,TTTTT,GGAGG,CATTT,CTCGC,TCGCA,CACTC,GAGTA,TAGAA,CTGCG
1,AGGAC,TGATA,ACGCC,TAGTG,GCGCG,CGACC,GCACC,GACCG,AACGT,CCAGG,TTTGC,CTGGG,AAGGG,GCTGT,TGCGG,AAAGA,TTCCC,ACTCA,GCGCT,TAAAT,CCGAG,AGGCT,TGTGC,GCGGC,GGCCG,AAAGG,CACTA,ACGCC,ACGTA,GCAGC,CGGTC,CCAAC,TCTTG,TCGAA,GGGTC,AAAAT,ACCTA,CAACG,GGGGA,AGGGA,AACAA,GTCTC,TAGCT,TTCTA,AGATC,TGCCT,CATTA,CATGG,ATAAC,ACAGT
2,GAGGT,TAGCC,CCTTA,TGCGA,ACGTT,ATGCA,CGACC,GCACA,TACTT,AGGAC,TATTT,TCGGA,TCGGG,TATGT,CCCAC,ACTCC,CACTA,AGCCA,ACTCA,CGAGA,TAGGG,CATCG,TCTAC,GGAAT,AGAGC,CTCTG,AGCAG,GAGTA,GGCTA,GCATC,GTTGT,TTGAT,TGTAT,TAACA,GGGCC,CCTGA,CCGGG,TGGGG,CCTTA,AAGCT,GCAGG,GAAAG,CCATA,ACGTA,GCTGA,GTGGG,GTCGC,TTTCT,AAGTT,CGCCG
3,GTCGC,ACTCC,GCGAC,CGTGC,AGCAG,TGTTG,GTGTA,CCTGC,GGGAT,GGTAC,TACCA,ATGCT,TATAT,GTGCT,CTGTA,ATTCT,GGGAG,AGGAA,GCGCC,GAACG,GCTTC,GAGGG,ATTTT,ATCAA,CATCT,CACGA,CCCTG,CACGA,ACCAG,AATGA,CGAAT,CGTAT,GTTGA,GCGGC,AATAG,AGCAA,AGCCT,TTCAT,CCACA,TGGTT,GTTAA,GTGCC,ATCAT,TTAGG,CTGGA,ATTCG,GGGAG,GTAGG,CGGAA,AACCC
4,CGCAC,TTAGT,CCAAT,GAAAT,CCGTT,TCGTA,TGGGA,CGAAG,GCTCA,CAGCA,TAGAG,TCATA,ACTCT,CCCGG,GTCAG,ATAGC,AAGTC,ACCGT,CACGG,ATTCA,AGGGG,AAAAA,AGATA,GACTT,TTATC,GGACA,ACTTT,AATGC,GGGTC,TCCAT,CTACC,GGGAT,TCCCT,CCTAC,CGTCC,CGAAC,AGCAC,CGGCT,CTCTT,GCCCG,ATGAG,CTCCG,GGCTT,GATCC,TTGAC,CTCGA,GGGAC,CCGTT,CGACG,GCACG
5,GGTTG,TCAGC,CTGGA,GCAAG,GAGGA,TTATA,GCCCG,TGTGG,CTTAC,AAGCG,AGAAG,GGTCG,GATGA,GAATC,CATAT,GGGTT,GGATC,CTTTA,AATCC,CAGGA,GAGAT,GCGAT,CTATT,GTGTA,AAGGT,ACAAG,CCGTG,CCGTT,ATGTC,GAAGT,TCATA,TATAC,ACTCG,ATTGG,TAAGT,GTCTC,AGTGG,TCTCC,CGCCA,TTAAG,CGGGG,GCGGC,GCAGA,CTTCG,ATATT,GTCCC,TGAAA,AATGT,TTAGG,CAAGC
6,CTCTA,GCTGG,AGCTG,AGTTG,TGACT,CTGCT,TCCGC,AGATG,CACAT,CCATC,GGTGC,CCGTT,AGTCA,TACCA,CAGGA,GCACG,AATAA,CTGAG,ACTGG,TGGGC,CACGC,GTCCC,CACAG,TGAGT,CCCTT,AAGAT,AGAGT,ATGCA,TGCAC,CTCGG,CCAGA,ATCGC,GAACA,CAATA,TATGG,ATGTT,GCTTT,ACTCA,GCCAC,AGCGG,TTTTA,CTGTG,AAGGA,GCTCA,GTATT,AATTA,ATTCG,TAGGA,TCATT,GGTCG
7,TATCC,GAACA,GCATA,TTTCT,ATCTA,TATTC,CGTGC,GAAGG,GGAAT,GGTAG,CAATA,ATGGC,CATTG,GAGCA,TGCCG,GACGG,CTCAT,CAAAC,ACGCC,GTGCA,ACCGC,CTCTA,AGAGC,TATGT,AGCGT,ATAAT,AGCCT,GGCGG,CATGG,CTTAT,AAGAC,TTCGT,ATCCA,TCGGG,TCACC,CCCAA,TGGTC,TTCTT,AATTG,TATCC,GTTGA,CATGG,TGTGT,AACAT,TCCGC,TGATA,AGTAG,ATTAC,AGGAT,TTCGC
8,TAAAT,GAAGC,TTTTA,TCCCG,TGTAT,ATCTT,CCTTG,ACACA,TGCTT,TACAT,TGAGA,GTAAC,TGTTC,ACGTC,CGTTA,GTATA,GGAGT,GACCT,AACTA,TCGTC,GGTAA,AATGT,GTCTC,TCCTT,TGGGC,ACTAT,ATCTT,TTCCT,TGCTA,TGGGA,CGTGA,TTCCA,TGGAG,TTGCG,GCCGC,GTTGG,TCTTA,GAGTG,GTTGT,GGTGA,CTTCT,TAGAT,CGGTC,AGGTA,CTAAG,CGGTT,TATAC,GTCGA,TTACT,CGAAG
9,ACGGC,TCAAC,TGGGC,GTTCG,TTATT,CCCGA,CAAAA,CGTGG,CTACG,CCTGG,TGTAT,GGGCA,CATCA,GCTTA,ATAGC,GCGTT,GTCGT,CCTTC,ATCCT,ACACG,GTGCG,TATGT,ATTGC,TGTCT,TACCA,CTATC,GAGCT,AACAG,CCATG,TGCCA,TAGAG,CGGCA,ACGCT,GCCAG,AGGCC,GGACG,CTGAA,TTGTG,TCTCC,TACTT,TGCTG,GGCGG,GTTCT,CTTTC,TTGAG,TTAGC,ATGCA,TAGGG,ATCGC,TTTAC
10,GATCC,GCCCC,TAATA,AAAAA,GTTAC,AGTGG,ATTTA,GGACG,TCTTG,GAACT,TACTG,TTGCG,GCGGA,AGCTG,TCTGC,TAAAC,AGCGC,ACTCG,ATTGG,CCAGA,GATGG,TGTAA,GAAAC,TTCCG,CTGCG,ACTGC,TCGTA,TGAGA,GGATT,CCCTA,AATCG,TAATC,GGTGA,GACGT,GTAAA,GAACT,ACCAC,TTGAT,GACTC,GTGTA,AAAGA,ACGAT,CTGGT,TGCTA,GTACG,CGTGA,TGTCG,AAAAC,CAAGT,ATTGG
11,CGACC,ATAAT,GGGTT,ACTGT,CGATG,GTAAT,CTACG,TTCGT,TTTAA,AGTTT,TAAGA,CTCAG,ACCTA,GGCAC,GCAGG,GTATC,TAGCA,CACAA,ATCCG,AGTTT,GCCTT,CCGCC,GACGG,GAGAC,ACTAC,CGCTC,AGTGC,ATTAT,AGGAT,GAAAC,CGGGC,CCCCC,TCGAT,AGAAT,ACCGG,GCGAT,GACAG,TTGTT,CAGAG,GACGT,ACGAC,AACTG,TGGAG,AGATA,GCAAA,TTCCT,TTGCT,TGCTG,CCCAT,GTAGC
12,AAAAC,ATTTC,ACCGA,GGCAT,ACCAT,TAGCG,ATTTG,CCGCA,GCATG,TACCC,CCGTA,CAGCT,CTCCG,CTGTC,GTCAT,ATTCA,CAGGC,TGTTG,GGTCT,GTTCC,GATAA,TACCT,AGAAC,CTTCT,TAGAG,ATAAG,TACAA,CTGCA,ACCGT,AAAGT,GCATT,TTTAA,GCGTT,GGGAC,GCGCG,GCGTT,TAGCT,ATACT,TCTCA,AGGCA,TTCTA,ACCCG,CATCC,GACGT,CATTC,CGCCG,TCCAT,GCCAG,GCAAT,AAGGC
13,TGTTG,TTTGT,GGGGA,ATAGA,TCGGC,TTCAT,GGTCA,GCGGG,AGGTT,AAGTC,CATGA,AATGT,AACGG,CGCCA,CCTCT,AACAA,TGAGC,ATCAA,AGTGC,CGCAG,CACAT,ACCTA,GAAAA,CTACC,GTACG,ACCGA,GTTGA,GTTAC,CTGCA,TACAC,GTGGA,TTCTC,AATTT,AGGTC,CTTTC,GGGTG,TGACA,CAAAT,CAGAT,CCTGC,GTGGA,GCATA,CGAGA,CCTTA,TCCAA,ACCGT,AGGGT,CTACC,TTCCT,ACCAT
14,TTGTG,CGCGG,TTTGC,CTACC,TACCG,TGATT,ACCGC,GATCA,TCGCA,CGTCC,GTGGG,CAATG,GTAAT,CGCGT,GCCGT,GAAGC,TAGCC,CTGGC,GCGCA,TAGTC,TCGTA,TGATA,TCCGA,ATAGA,GAGTA,TAATG,CAGCC,GTCTA,TCGAA,AAACG,ATGCT,CTAAA,TTTAC,CTAAA,AGGTT,CTACC,GGATA,TTTTA,TACAC,GACCA,GTAGG,GCGGA,TAGTT,TGTTG,CCTGG,AAAAG,TACCC,GGGTT,TCAAT,GTGGC
15,GATAC,ACGAA,GCAGA,TGGCG,AGAAT,AACAC,GACAC,AGCGG,AGGAA,ATCTA,ATGGC,TGACG,GATTG,ATCCC,TCGGC,CCTGC,GATAC,AGTCC,GGGTA,AATTG,TTAGC,GACAC,GTGGG,GCAGG,ATTAA,CGTTG,AGCTT,TAACT,CAGTA,CTGGC,TTTGT,CGATT,TGTGC,GGCTA,ACAAG,GCGTA,AGGAG,GATCG,CAAAT,GCCCA,ATGGG,ATCGC,CTACA,TTCAC,AGACA,GCTGG,GGAGC,GATTT,CGCCA,AACTG
16,TGGAT,CGTGA,GATTG,AAGTG,CTATC,AAGTT,TAGAT,ACCAT,GACGC,GGTGG,ACCCC,ATGGA,ATGGC,GAGTG,TCCAT,CCCGC,TTGGG,AAGCT,TTAGA,ATTTG,TGGCG,ATAGC,CCATT,TGGAT,ACGAC,GGACG,ATGCC,TGTTG,GACAC,ACGAA,TCCCA,TCGCC,TGATC,AAATA,GTTTA,ACTAG,GTTTA,AGCGG,CTTTA,ACATG,ACAAT,CCCCG,AGCAC,GCGTT,TAGAA,ATCGA,GTCAC,CGAAT,CACTT,ATGCT
17,ACCAA,GAGCC,GGTTT,TTATT,CGCCA,ATGAG,ATCTC,TAACC,AATAA,CATGC,CACTT,CAGGC,TTTAC,AAGAG,TACGC,GTCGC,AACGC,TCATA,ACGAA,CTCTC,CTCCT,TTATA,GACAG,CCAGG,GGACG,ATATG,GGAGT,CGAAG,CCAAG,TTATT,GGAGG,GGCTC,ATACA,TTCTA,GGCCT,CATGT,TGGGC,ATAGC,GATAA,CCCAG,TACCC,TTGGT,GCTTT,ACCAT,CTCCA,ACTGA,CGTGA,CTTAT,TAAAG,TTATC
18,ATATC,AGCTA,ATCGT,ATTCT,GGACA,GTTGA,CAAGT,AACAG,AAACG,GGAGA,TGCCG,AGGGA,CTATT,CCCCC,AAGTG,CCTTA,ATTAA,CCAGA,TCCGA,GGGGT,CGGAG,CGATT,GGAAC,CTGAC,CCGCC,TGGTA,ACTCC,CCGCT,CAAAG,GCCTC,CACCC,CCGCT,AGACA,TAGGA,TTCAG,GCTAA,TAACT,CAGAC,CATCA,AGTAG,CGTCA,GGCGC,TTCTC,TTATT,GCGAC,AATCG,CCATG,CGGCT,AGGTT,CTGAC
19,AAGAG,CGGAT,GCCGC,TGGCT,GAGCT,CCACG,ACGGT,GAGTT,GTAGT,TACCG,CCGCG,GGGAT,CAGGC,AAATA,AGTAG,AACGC,ACTCA,CCGCT,TATGC,TCAAA,GGGAT,TGCTC,AGGGA,ATTGC,CGCGC,GAAAA,AAACA,CTCAG,CGTCG,GAACT,TGGAT,CATAA,GTCAG,AGATC,GGATC,ACTGA,GAAAT,TCACA,AGTAG,TGGGT,TACAC,GAATT,CCTTG,ATCAT,CTTGT,CTTGT,ACCCA,GCTCA,AGGAA,CACAC
20,TGGTG,TGCGG,CCGGA,CTGAG,TTCAG,CGTGT,ACAAC,CTCTT,CAAAG,AGACA,AACTC,TAGTA,AAATC,TCTAC,CGCGC,AACCT,CTAAA,GTTAC,TGAAG,AGGTT,AAACG,CCCAG,CTGTA,GATAA,CACAC,CTCCA,CACTC,TCGGC,GCTCT,GGATG,CGTTC,TCACC,TGCAG,TTCCA,TCACG,GATCT,CTCAT,ATTGT,TTGAA,CGGGT,TGACC,GCTGC,TATCT,TGTTT,ACTGC,ACTAC,GACGG,CGTGC,GATGA,GCTTT
21,TAACT,ATGCG,ACACA,ACAAC,TTGTG,ATCAG,ATAGG,ACACG,AAGCG,TGCAT,TCACC,CGACG,CAATG,GTGTT,ACCTC,ATGGC,TGGTT,TATTC,CCTAT,TGTCG,GCGCG,CCCTT,CTGTG,TCTCC,GGCGT,CCTTC,GAGAA,TGTTC,CAACG,GCGGG,TCAAT,ATATA,TAGCT,TAGAC,TTAGA,GACGG,TCCTG,AACCG,ACATT,ATAGC,AGCCG,CATCA,ATCAC,TACCG,GGCAA,GGCCT,CACCC,GTGGA,GAGCC,ATTGC
22,CTTTA,CTCTC,CAGTT,TTGTG,CAGTG,AAGCC,TTTCC,AATAG,CATGG,GCACC,GCACT,GGCAC,TTTCC,ATGGT,ACGTG,GTATG,CTATC,GCCCT,GTACG,GCATC,TTGGC,TGGGT,GTTGA,TAGCA,GATCA,CGGTG,TGAAA,TAAGG,CGTTG,CTTCT,CTGGC,CAGAA,GGGCC,GCGCT,CTAGA,AAGGG,AAACA,AAGCT,CACAT,TCGTG,GTCTC,GAGAA,TGGTG,AAACC,TTCAA,ACGCT,GTAGT,TCTAG,GGGAA,TATTT
23,CGGGT,CAGAA,AATCA,CAATT,ATACG,CGGGT,GGCTC,CCTCA,ATCCG,GCCGT,GCCGC,AGATT,GATAA,CACCA,TTTCG,TATAT,AGGAA,ACTAT,AACGG,CCACC,AGAGC,TCTGT,TGATC,TTGCA,TTGAG,ACGCT,GGCAA,TCACG,GCTGG,CATAG,CAATT,CCCCT,TTATC,CTCGC,GTAGG,CTATT,CCAGG,GGAAC,ACTAG,AGACG,TAGTG,ATAGT,CCAGA,GCGAG,CGCGG,TGACG,TGCCA,TTCAC,AGAAA,GGGAC
24,CTACG,GGCTA,GGATC,TCTTA,GGTGT,TCAGT,GACTC,GTCTC,AGTAC,CTTCA,TTCCA,CATAG,CCTTC,GGCGG,CGAAC,GGTGT,AAGCC,CAAGT,GGGGG,TAGTT,CACTC,CGTCT,GTGAG,TAAAC,TGTGG,TTGAG,GCCTT,ACAAT,GATGG,CATGG,TGCGT,AGCTT,ATTCC,CGACA,ATGGT,CAATG,GTGCC,ACGCT,ACCAA,TTACA,ACAAC,AACGT,AACAA,TTTCT,CCGAC,TCACC,AGTTG,GCGAT,GCGCG,CATGG
25,CCGTG,GCGTG,CACTG,GTCAT,ACGTA,CGTTG,TTCTG,ATTCC,CAGGA,TCAGT,TCACG,ATTTT,CCGGG,CCTGT,TATAC,GGTAT,TGGTG,GGCCG,CGATA,GCCTG,CCTGA,GAATA,CGAAC,TCGCC,ACTGA,CTACT,TCTGT,CTAAA,GGACG,GGGGG,CATAA,GGAGA,GGGCG,CCCAG,GTTAC,AATAG,GTTAC,CCCCG,GTCAT,ACAAG,GCAAT,CTTGT,GCCAC,CGGTA,CAAGG,CCTTC,TAGTT,AGTCC,GGAGA,TCTAT
26,ACCGT,AAATG,AGCAG,CAGAA,CGCAG,ATAGA,CTGGA,ACTGG,TTGGT,GCTGA,CTCAC,TCTTT,TCCTA,TCCTT,TACGT,ACGTG,GCGAG,ATGAG,GGAAA,GCACT,ATGCC,CCATC,GTTGG,GCACA,GAGAC,TCCGG,TGAAT,CTAGA,ATTGG,GTTGC,GTCAC,ATGCT,TCGTC,CAGGG,CAGCA,TTAGG,GTAAG,ATATG,TGGAC,TTTCG,TGCTA,ATCCC,ACCCT,ATTAC,ATATG,TAGCA,TTCAA,TAGCG,CATCA,GTGTG
27,CCCAT,CTTAT,AAAAA,TGGAG,TCTAG,GTATT,AAGCG,AGTAT,CTGAC,GGTCT,TCGGG,GTATA,AGATG,TGAGG,AAGAC,CCGCA,TCATG,TAAGA,TCTCC,ATGTC,GAGCT,TAAGA,TTTAA,CTCCA,AGTGC,AACTG,GTCGA,CCGCA,AAACT,AGCGC,AACCC,TACCC,GTCAA,CGAAA,TACGA,GATGG,GCCTG,CCAGT,ATGTG,TTACT,ACAGT,TCACA,GTATG,GCATC,TTTGA,ATCTG,AATTG,CACGT,TGCGG,GGAAT
28,TGAAC,CGTTT,TAGAA,TCCGG,CACGC,TCATA,TGGTT,GAAGT,ACAGG,CGAGC,GATTC,GCGTG,GTGTT,TACAT,GGTCC,GTTGT,CGAAG,CGTAG,TTTGA,ACAAG,CAGGG,AACTT,AAAGC,CGGGT,GCTGT,TTTAA,TATGT,AGTTG,AGCAG,ATATT,GCCCG,GAACC,GCAAG,CGAAT,CGTTT,GTCTT,GTCTA,GCTTA,ATTCC,TATAT,ACGCC,TCACT,CGATC,CGATC,TCTGA,GCTTT,GGCGT,TCATC,GAGTA,AGCCC
29,GATCA,GAGGC,TAGTC,TAATG,GCAGT,ACCAC,TGGTC,AACAC,CGAGC,CGCTG,GATGA,TTGGG,CGGGT,AGACC,ACAAT,TAACG,TACCC,GGGCG,TCGAA,TCAAC,GAAAT,GCTTG,AGCAA,ACGTG,CCATT,AGACG,TCCGG,CATAC,GGATC,CATCG,TCTGC,GCTAC,AGTTT,TCCTC,CCAAA,AGTGT,GGTGG,AGGTC,ACCGC,CGCAC,GGCAT,AATGA,GCCGG,GATGC,TCAAG,GATTT,GAACC,TGAGG,GTGTC,CTATC
30,CCCGC,AGTAG,CCCGA,TCCTC,ACGAG,GTCGG,CAGTT,CACCC,CGATA,ACCCC,CACCC,GAGGG,ATCTA,CGGCT,AATCA,TTCGC,ATGGG,GCTAG,TAACG,GAACC,CATAT,GGTAT,ACGAT,ACGCT,CTCAT,TGACC,ACAAT,GGTAC,AAGCA,TGGCT,CCCAA,GTATC,GTAAC,ACGCG,CATGG,CTGGA,ACGGG,GAATA,ACGAT,AGCGA,TCAGT,GGGAG,ACAGT,TTATG,GTTCA,GCGAA,TTTAC,GCTGA,CAAAC,CGTAT
31,TAAGA,CGACG,TCACT,GGAGG,GGCCA,ATCGC,GAGCG,CCGAT,CTGAG,GTTAT,GAATT,GGGAG,CGAGT,GCGGG,CATCT,GTGTG,GGAAT,TCCCC,CTACA,ACCAC,AATCG,GCGAG,TATCT,GTCTC,AAAGC,CAAGC,AGAAC,ATCAA,CGAGG,GTCAA,CCTAG,GGCAT,CCCGG,AAAGC,AACGG,GTGGA,TATGA,TTATA,TGTAT,ACCAA,GTCAG,GGCGA,GATGT,CAGCT,AGGAT,GGAAA,GCAGG,TCTGA,AGGCT,GGATC
32,ATTAC,GCAAG,GCAGT,GCGGT,TGTAG,GGCAT,GACAA,AGTTT,TCACA,TCCGC,GGGAA,GAATA,TGCCG,CTCCT,CCATG,GCAGC,GCCAC,TCTTG,ACTCC,GGGAT,AGTGA,ACAGT,CCGAC,CCGTA,GCATT,TGGAT,ACGTT,CGCTA,ATTTT,AAAAA,TAGGA,CACAA,AGTCA,AATAC,AGATA,AAGAA,CTTGC,TCTTC,GGATT,CCACG,TTACG,CACCT,GGGCC,TGACC,AGTCC,ACGGC,ACGAA,ATACC,GGAGC,GTGGA
33,AAATC,GGACC,TCTAA,TTTCC,TATCT,AAGCT,CGGCA,AGACC,CAGGG,TCTTC,ATCTC,ATTGC,TGGTC,TGGGC,TGCAT,GCTGG,ATGGC,TAGTA,GCTCA,AGCGT,CAACG,AGCTT,GTCCA,CTATC,ACATC,GTTGA,ACTGG,TTTCC,CCTAT,GCTCC,CTGCT,TCGAT,CCAAG,TTACG,GCTTA,AAATT,ATGAA,GAGGG,TCAAG,CATGC,TAACG,ACGTA,AAAAA,TGCCT,AAGCC,CAGAA,TGTTT,TGTGG,TGTGT,GGCAG
34,CATGT,ATACC,GTGCT,CACAA,GGAGG,CGAGA,TTGGA,ATGTC,GCAAT,ACCTT,ATCGC,TAGAG,TTCGT,GTAAG,CAATA,TTTCG,ATTCG,TCCAC,GAACC,GGCGA,CGTCT,TCACG,GCGAA,CAAGG,GGAGG,AGTGC,AGCAT,CAATC,AGAGA,TTGAG,CTAGA,ACATT,TATCT,ACAGC,TGCTG,CTTAA,GAAGA,CCCAG,AGTGA,GACAC,CGGCG,CTCAG,AACCA,TTTTC,ACCCC,TTCGT,ACCGA,AAGGC,GCAGG,ACAGC
35,GCCGA,TGTTT,CAGTG,GGCCC,ATTTT,AACTT,AACTG,CTTTA,ACTAG,TTATT,CGTGC,CATTC,AATAT,AGGTT,ACTAT,TGGAC,CATGC,TGACC,AATAA,ACTCA,TATCA,ATCGT,CGGAT,ATAGG,TATAG,AAAGT,AGGGG,TAATC,TCAAG,ACTCT,GGGCG,AGCTA,AAGAC,GGGCT,CGAAT,GCGTC,CTTTT,AGGGT,CCGGA,AAAAG,AATGC,GGCTG,GGAAT,CCTCT,TCTCT,CTCTC,AGGAG,TACAA,ACCGT,GGTCC
36,CGAAT,AAGCG,GGACT,TCTTT,GTACA,TCCAA,AGTGG,TTGCG,GTCGC,CGACT,CGTAG,GCGGA,GAGCC,GGCCG,CACCT,TCACA,TTACG,TGACG,CCGTA,ACAAA,CTCTC,TCCGC,GTCCG,TGACA,CAATC,ATGCT,TTCCA,ACTTT,CTGCC,AAGCA,ACGTC,CCGTC,GACAC,TGCCG,TATTT,AAAGG,CATTT,ACTAA,CACAA,AGCAC,TGGCT,AATCC,TCACC,TTGGA,AAGTA,CTGCT,GTCAA,CCAAA,CAGCG,TCTGT
37,CACAC,TGTAG,GACGC,AGGTT,GCAAT,GAATA,GTTGG,GGGAC,TCATG,GGATT,TGCCT,GTATC,TAGAT,AGCGT,TGTCT,TATGG,GCGTG,TCTCT,CAACC,TACCT,ACATA,TCATG,CATCC,TCTCT,TTTGG,TGCTG,CGATA,TCCAG,TAACG,CCTTC,GCTCA,TGGTG,GTTCC,GAGCT,GCATC,GGGCG,ATGCG,TACGA,GGTCA,CGTAA,CGGGA,TAGTC,TGAAC,CATTC,AATGA,TAAAT,TAATG,CCAAG,GGAAG,GCATT
38,AGGCG,ACGCT,AGCAA,CACCG,GTCTA,GGGCG,GAGTG,CCCAG,GTAAA,ATCAC,TAGGT,CCTTC,AAACG,ACCAT,TACTT,GGTAC,ACGCG,ATCAC,TAGAC,GTAGC,GGATT,TACGC,CCATA,CCTGC,TTCTA,TTTTG,ACGAG,GTGAT,CTATA,TTAGG,ACGAC,TCTAT,TGCTT,CTTGT,TTCGG,CGATA,CACTC,TTTAC,TCAGG,AAGTG,AACAG,ATTAA,CGCGG,CTAAT,CTCGA,CTGCG,CACGC,CAGAG,AGGAC,CTCCT
39,TCAGA,TTCAC,ACTAC,TGTGA,TGGGA,CTTCG,CCGAG,TAATT,TAAGG,CATTC,AGGCT,CGCAA,ATGCT,AAAAG,TCCTA,TCCGA,TGCTG,GAAAG,GCTGT,TTGCA,GAATG,CTTCT,ACCGA,CTAAC,GCATA,AGTAA,TTGCT,CTCCC,CTAAT,CTAGT,TTATA,TGTAC,GATTT,TCCAG,GTTCA,GAGCG,GGACT,AGACT,AAACC,CCTCC,TGAAG,GCAGC,AAGGC,TTTGC,ATTCG,GTAAC,AGTCT,TCCAC,TGCAG,CATCC
40,TTTGA,TATCA,CGCTC,ACAGG,GTGTA,TATTG,GAATT,ACATC,GTTGA,ATTGA,CATTA,CATTT,GTGGG,CAAAG,TGAGT,GGCAG,CTCGG,TAAGT,TATAC,AGCGA,TTTCT,AGATG,GTGGC,ACGCC,GTAGA,TATGG,TGCAT,TATCT,TTAAT,GTATG,CCAAT,GAATA,TGGAT,GGAGT,AGTCC,ACGTG,ATTCG,TGTTG,CATAC,ACTGG,TAAAT,GCTAC,ACACT,AGCTA,TGATA,CTTCA,CGCCA,CCCCG,AGTGA,GGAGT
41,GGACG,TTAAC,TTGAT,CATGC,CCGAC,CAATG,CGCTA,GCGAT,CAATG,AGTCC,ACGTA,GATTC,ACCCT,CCGGC,CCCAA,TCAGT,ACATG,GGGGG,GCCAG,CTTGT,GTGGT,CGAGA,GTGCA,ATGCC,ATCGG,ACGCC,GACCT,CCGCC,GCCTC,ACAGG,ACATC,AGCCC,CCCCA,AGAGC,CTACG,TCATC,CGGGC,TGTAG,GAGGA,TGTGG,TGGGA,TTCTG,GATCG,TCCCG,GCGGG,TATAT,CTGGT,TTGCC,AAGTG,TCTTC
42,TATAG,CTTCG,ATCGC,CCCAC,CACCC,TTCAG,CTTGT,CTTTT,TGATT,ATGCC,CGTTG,ACCCC,TACTC,CGCGA,GCATC,GAGGA,GTCCG,TGCAC,TATGG,CGCTG,ATAGA,GAAAT,GGGAA,CATTG,GTTGT,ATGCG,TGTAG,TATTA,TTAGT,TAGCC,AAAAC,GTTTG,GTGAC,AACAA,AAGGC,ACCGA,GTCTC,CCATG,ACGTC,ACCGA,GGCAA,TGTCC,TCAAC,ACGTT,GGTTT,GGTGT,TGAGC,ATGTG,TGGGT,GGTAC
43,CTGCA,ATGAA,ACTCG,TTCGT,CGCAA,CGATG,AGCGT,CCAAC,ATATG,ATGAC,TACCG,GTGCA,CTGCC,TAGGA,TTAGC,TACCC,CGTGT,CCTAA,CAATC,ATATA,ATTAG,TAAAT,CTACC,GAATA,GATGG,AGCGC,AGCGG,AACTG,TGAAC,AACCA,GTAGG,TCACA,AGGAG,ACATT,GTAAG,GAAGC,GTGAA,ACCGA,GAGGC,CCCTA,AGCGG,CTGAC,TTTCG,ATCCG,ATCGG,AGTGT,AATGC,AGTTC,ATGAA,CTCAT
44,TTGTA,AGCAA,CATCG,CATAG,ATAAA,TGCAA,GGCAC,TAGCT,TGTCC,AGGAG,ACCGT,TGAAG,GTACA,GTCGG,ATGTT,TCCAC,CTACT,AATAG,CGTTG,TCAGG,GAGCC,ATTCA,TAGGA,CCTAG,TCGTA,CTTCC,AAGGT,CAGGC,GGAGG,GGGAC,GACTA,AGTGT,CCTGT,TGTTA,TTTAT,TGGGG,CATTG,AGTTA,TCACA,TTCCA,GAGAT,TTCTT,TGACG,AAATT,TCAGT,GGCTT,GTGCG,CCCAC,ATACA,CCAAG
45,CTTGA,GGCGA,ATAAA,AAGGA,TCTGC,TGGCT,CCTGA,CAAGT,ATTAG,ACTAT,CCTTA,AAAAA,TTTAG,CGAGT,AAGCG,TTGGT,ACCGG,ACTAG,AATAG,AGGTC,GATCG,AGCGA,TAGGC,AACGA,ACCCT,GTCAT,ACCAA,GTTCA,TCATC,CTTGT,TACAC,AGTTC,CAAAG,CGTTC,ACATA,GATGC,ATCCA,AAGAG,TCTCG,CTGCT,CTGCG,TCCGC,AGGAT,TTAAT,TTCAT,ACCAA,ATCCG,TGTCG,TAGTA,TAAGT
46,TATTT,AGATG,TAGAC,GAGAC,TGACA,CCTAG,TCATC,AGTCG,GATGG,CGGGG,TCGGC,AGGTG,TGCCT,ATTTT,ACATT,TTTTT,TTCGC,GCAGA,GACAA,GCCGT,TGCTG,GACGA,GGCAC,GTCTT,TGAAC,TGTTG,CTCTG,ACCGC,CATAT,ATTTC,GCTAC,AACTA,CTTTG,AGCCC,TCTGT,TTCCT,CCCGT,GCATT,GCAAT,ATAAA,TCCAT,TCTTG,CCATT,AGACC,TTAAA,CAATC,TTGAA,AATCC,CCCTT,AACAT
47,ATTAT,GATTG,AGGTG,GGTAT,ACGGA,GACAC,GACTT,TGAAG,AAATT,ATGGT,TTGTT,GGTTG,TCGAA,GCACC,GAGTA,TCTGC,GCATG,CTAAC,CGATG,GGGAC,CGGAT,TTAGT,ATCGG,CATCT,GGCTT,CTGTC,AAAAG,TCCAC,AAGCC,GAGAT,CTAAC,ATCAG,GTCAT,TTGAA,TTAAA,TCTGG,AAGCC,AAGTC,TTGGT,TTGCA,GTTCT,TAGGT,GAGCG,GAGTC,TACAT,TTTTG,TCTGA,TTTTC,CACCT,GTGAG
48,GATCG,AACCG,ACCCC,GGGAG,AAGGA,GGGTT,CACGG,GAGTC,CTGAT,GCTGC,CGAGA,AGGCC,ACAGT,AAAGG,CTCGA,AGATT,GGTTT,CGGAG,CAAAA,GTCGA,ATAGT,ACGAA,CCTGT,TAGAC,ACACC,TTGAT,GCCGT,CCTCA,GTTGT,AGTAC,GGTGC,AAACA,ATATT,TGAGT,ATATA,CTAGC,ACTTC,GTCCG,AAATT,GTAGG,TATAT,CTATA,TCAAT,ATGAG,GCTGG,TCTTT,ACCTT,CAAGC,GGTAG,TTGAT
49,TCGGT,TCGAA,TTGCA,CGGAA,GTAGG,ACCGA,TAGGG,GGTGG,GACGT,GAACC,GTGTG,CTTCC,GAGAC,TAAGT,AACTC,CGTGA,TAAAT,CTACA,AACCA,CAAAT,GCTCG,ACTCT,CCATC,AGACC,CTTTT,GTAGC,CCACC,CAAAC,AATCA,TTGAA,CGGGT,ATAGA,GCTCA,TAAGC,GCCAA,AAACC,GCCAC,CGGTG,AGTCG,CGTCG,CAATC,TCTAA,ACCTC,AAAGA,ACCGT,ATGCA,TCTAC,ATAGC,TACCA,CGACT
50,GATAG,CGGCC,GAACA,AGTTC,CATGG,TGATA,GCTGG,CACAT,TTCAA,ATCTT,TCAAT,TGAAT,GCCAT,TGGGG,GTCGC,GTACT,TATAA,GACGC,TGCCA,GGATT,AATCT,CGAGT,TGCGT,TTTCA,GAAAG,GTCGA,GTGCT,AGCTG,CGGAA,TCTCA,GTGCG,CTTTA,TCAGC,CTAAG,CCCCG,ACTTA,ACGCG,TGTAC,TCTGT,ACCGC,ACTTG,GCTCA,TCCGG,GCCGT,TATTA,TGCAA,TACTC,GACTT,TTCGC,ATAGC
51,TTCAG,GCTTA,CCGCC,ATCGC,CAAGC,TTTAA,GTTAT,GCCAT,GAGAG,CGCAC,CCAGT,GTCTG,GATCA,GGCAG,CTATG,GAAAA,CGGGC,TACCC,GTAAT,GGAGT,ACACA,TCAGC,TAAGA,CTCGC,TGTAG,CCATT,GTGTC,ACTAG,TTGGC,TGCGG,ACCTG,CTATG,ATTCA,TTGGA,TGTAT,TGGTT,GCCCC,CTTAG,AGGGG,GATCC,ATGAT,TACTG,TGTTG,ACTTT,GGCAC,TACTT,AATCT,TTAAT,TAGCC,ACCAC
52,GGGTG,GGTAG,CCCTT,GTTCT,TCCCG,TAAGA,TGTAC,AGAAC,CTAGC,ACGCG,AATCT,ACTAC,CCAAT,GGTCC,CTCCG,ATCTA,GTAAA,GGGCC,TTCCG,ATGAC,TCTCT,CTTTG,ACCAG,GGGCA,CCCAG,CGATA,CCGAC,ACCGG,GACGT,TACTA,ACCCG,ATATG,GTGTT,CGCAT,ATAGG,AGTTC,CCTAG,GAACT,GCAGC,ACCAG,CGTGA,GTAGG,GTATT,ATACC,CATTG,CAGGG,ACAAA,GCGCC,TTCAG,TGTCA
53,TGTTC,TACTT,GGCTA,AGCGT,GCTAT,ATGAC,CAGAT,CCTGT,CTTTG,TCCGA,ACGCA,GCCAT,CGATC,TGGAT,GTTTG,TATAC,GGGCA,CGCGG,TACAT,TGCAC,GGGTT,TTCAA,CAACT,GCGCT,TCCTG,ATCGT,CGGGC,TCGCT,CGACT,TGATC,GGCCT,AGATG,TACTG,ACCGC,CAGGA,CGGCG,GCCGC,GTTGG,CCCAA,CAGCA,CAATG,TCTGT,CCGCC,CACAA,AGTCG,ATATC,GGGCC,GGTTT,CGATC,ACGGG
54,AGTTC,GAATC,TAACT,CACCA,TTGGG,AGTCT,TGCCT,CAGTT,TTGGG,GCCTT,TATAT,AGCTT,CATTA,TATCT,CGTGT,CCAAA,CATCC,TACGC,CGCCA,AACAA,CAGCA,GACAT,CCAGT,TTGAA,AACTT,TGGCT,TTTAC,CGGGG,AATTG,TATAC,ACTAG,AGGGG,CATAA,GTTCC,ATCTA,GCTAG,GACAA,GACTT,GTACA,AGTCA,TGGTA,AAAAC,GGCTG,TGGCG,GCCCG,AGTAA,GACTA,ACACA,CTCTG,TTACT
55,TAATG,GCGCT,AGAAA,TACTC,TCGTA,AGTCA,GTTTA,ATTTC,CTAAA,CGAGT,GTCCA,CGGTT,GCCGT,GTATA,AGCCG,AAGGG,CGTTA,CCGAA,CAGTG,CGCCT,TGAGC,CACTA,CTAAA,CGTCA,CGGGT,ATTTA,TCTAT,TCATA,CAAAA,AAGAT,CAGTT,GATTA,TGAAC,CATGT,TCCTC,TTCTG,GTAAA,ACAAG,CACTG,TCAAT,GGGCA,CTTTG,CAGTC,GTACC,ATGCT,TAGTG,GGAGA,AAAGG,TTTAG,ACATG
56,TTATT,CAGCG,CCCCA,TTGGA,AGCGC,ACGGC,GAACT,CCCAA,TCATA,GGGTT,CTATG,AACGA,CGGTG,GAGAA,GTCAC,AAGTG,CATCA,CGTGT,ATTCC,GCGTG,CATGA,GTCAG,CCCCT,AGTTT,AACCC,ATTAA,ATCTG,CAGCG,TACTC,CACTC,CCCGC,TCTTT,GGTAG,AACCA,GCCTC,TCGTA,GCGCG,AATCC,AGGCT,ATTAA,CGTTA,CCCTA,GCGCG,GCTCG,GCATC,AAACG,GCTCG,TATTG,TGAAG,TACTC
57,GGTGT,TTGGG,AAACT,GCAGT,AATGC,CGTCG,CAGAG,TACCG,TGCGC,TGGGC,CAGGG,TCAAT,GAGGC,ATAAT,ACTTT,CGGAT,AAAGA,TCAGG,GTCGC,AGCCA,AAGGG,TAGCT,AGGAC,AACTC,AACCT,GCGCG,AGAAA,CTCGG,GTGCA,CTACT,CTTGA,TGATG,GGTTT,CCGTG,CCAGT,GCAGC,AGGCC,ATCAT,CGGTG,GCCAA,CACCG,ATCAC,AACGA,AATCC,AATTT,ACGAC,GCGGC,TTAAG,CTAGA,CCAGT
58,CTCGT,TTTAA,CCTCG,TTTAT,TAAAA,TATGA,AGTTA,ATATA,TAGTA,TGGCG,GTTAC,ACTGA,AGTGA,TTGAT,TCGCG,AGGGA,AACTC,TTGGG,CCTCT,TTTAT,TCAAA,CGGAA,AAATA,GAGAG,GATGT,TCTAT,TCGTT,AACGT,ATTCT,AGCGA,GAAGA,AATAA,CCCAG,TACCT,ATGCT,CTACA,ATTGT,TACTC,AAGGT,GCGAT,CGCCT,ATGTG,CGACC,GGCGC,ATGCC,ACAAT,GGCTA,TGTTG,TGTCT,GTTCT
59,GGGGC,CGCAC,TCTGT,ATGAC,ACTAC,CTGGC,CTAGA,ACATG,CTGGT,GCAGA,ACAAG,TAGGT,CAGCA,CTGGC,TTCCG,CACTG,TAAGT,TATCG,GTCCA,ATGTG,CGTAG,TGGCG,CTGAG,TTTTG,GTGGT,GGTTT,CTCAG,TAGAT,GAACC,AATCG,TCGCA,AAAGG,GGAAG,CTCAT,AACGA,CCCTC,GGCAC,CACCT,CTATC,CTTTG,AGAGA,ACGTT,GCCTG,TGGTG,GGATA,TGAAC,AAACC,TTTCC,CGTAA,TAAGG
60,CTTTG,ACCGA,GTGGC,GTCCT,TTAAA,GTCTG,AGTAC,ACCCG,TGTTT,ACATG,GCTCG,CATTA,CGGGA,GGTTC,AGGAA,GGCGG,ATAAG,TAGTC,GGCCG,TCGAG,CCAAC,GACGT,AAAAG,TATGC,TTAAC,CATAT,CGCCC,ATGCG,CAACC,AACTG,ATATC,CATGT,TCTAT,ACTTG,CAAAC,TCGGT,CCGTT,AGTAC,GGCGA,GAACG,TCGTT,CTGAA,AGTTA,ATCTC,CAGTC,GACAG,AGATA,TGCGC,CCATT,TTGTC
61,AATGG,AAGGC,TGTAC,GTCCA,CCAAT,ATTCG,CTCTC,CTAGA,TTCCC,TGCAA,GAGCA,CAAGG,GAGGG,CGGGT,GCGGT,GGTCC,CACGG,CTAGA,GGCTC,TCTTC,ACCAA,GTTGA,GAGCA,GCGCG,AATCG,CCCAT,GACGT,CGAGT,TCTAC,ACTGG,TGGTA,ACCGA,ATACT,CATGG,TGACG,GAGGC,TTCCT,CGCTC,TGGAG,GATAC,TGCCC,ACTGC,ACATC,TAGGA,CTTGC,GGGAT,TTCCA,AGCTG,GGCAA,TGGCG
62,CTCGG,GTGTA,CCATT,CTAGA,ACCAC,ACAAA,ACACG,GTGGC,ATCCT,CTTCG,AGCTC,GAGAG,TGTAA,GCGTA,CGGAT,ACGGA,GGAAA,TGTAT,TCACA,TCACA,GGCAC,CACGC,CTGCT,ACGTT,ACAGC,GTGTG,AGGTT,GGGCC,TCTCC,CCCTC,GGGGA,GGGCG,AATCC,GTGAG,CTGGC,GCCTC,TCGCG,AGGAG,CGGCG,CCAGT,ATATC,GCATC,GAGCT,ATGCC,TGATT,TGCCC,CTCAT,GGCCC,CCGTC,CCCCC
63,GATAA,GCCGA,CATAT,TCGGT,ACCGG,AGCAA,TTGCC,GCAAC,CCAGG,CCAGT,GGCGT,ACAGT,TGGAG,TTGGG,TGCTG,ATTGA,GGTAG,AGAGC,ATGGC,GAGAG,AGCAA,AACCA,ACGTG,AACAA,CGGAG,GTCAC,AAATT,GGATA,GATTG,CTATG,TCCAA,TCAAG,ATCGG,TGCGC,ACCTG,GCCCA,CTATC,TCTGT,AGTAC,GGTAG,TCAGA,AGGAC,CCTAG,GCCAT,GGTCC,AGATT,CCCGA,TGTGC,CCCCG,GCCCA
64,TCCGA,AGAAT,TAGTA,CCGGT,GGTCA,CCCCG,CAAAT,TGGCT,TATCG,CGTGT,CAGCG,TCCTC,GTTCA,AGGCT,GAGTT,CCCGT,ATCAT,GGTTC,GTTCC,GTTAG,GTTAG,GTCAA,AGCCG,TGCTG,GCGCG,TCGTG,CCGTT,GAGAC,TGGAG,TGACG,GGCTT,ATTCG,GCTAC,CAGCC,ATAAG,ATGGG,GGGTC,GCGCC,TTCGG,TCTCG,GCGTT,CATGA,ATAAC,TAATG,GAAAA,CGCAT,TGCGT,AGCAA,TTAGT,AATCA
65,GTGGT,GATTC,GCTTC,TGGTG,TTGGT,CGTTC,GTCGC,TAGTT,AAGTC,TAGGT,ATTTA,ATTCA,GGATG,TCACC,GAGGA,ATTAT,ACAGG,TCGCG,CGTAC,TGACT,GGGAC,TTACT,GGCTT,ATTAT,AGATG,CGCTT,TACGT,CCGTC,TACCG,TATTG,TAACT,ATATC,GCAGC,TCCGG,CGGAG,GTGTT,GAACG,TAGTG,ATACT,TTTTC,CTTAT,CACTA,GGTTG,ATCTA,TTAGA,GGTTG,TTACA,CTTGT,GGCTA,TCCAC
66,ATTTA,CGCGC,CCTTT,CTAAC,TCCTA,TATGT,CTTCC,TGCGT,TAAAG,TGCTG,CTGTT,GATCC,AACGA,TCCAG,AAAAA,TCTTT,AAAGT,TCAAG,CTTAC,CGGCT,CACCA,GTCCG,AGGCC,GGCTT,GTTTG,CTTAC,AGCCA,GTCCC,ATCAG,GTCGA,AGGGA,CTGAC,CGAAA,AGGGC,AGAGA,TAGGG,CGGTT,ACTAT,GTGTC,TTTAA,GGGAG,TGAAC,CAGCA,GTGCG,GCGGC,ATGCC,GACGT,CAGAT,AAGAG,GTCCC
67,AACCC,ACATC,AGCCG,CGAGG,ACTAT,ACGTT,CGGGG,GGCCA,CTGTG,GCCGC,GAAGC,TCGGC,CTGCT,CAGAG,GCGTG,CAAAC,GAATT,TACAC,CTCTA,TCGAA,AGTCT,TGTGT,AATTA,GCCTG,CGAAT,GCACA,ATTCA,ACAGG,CTTCT,AAGTG,CCAGT,ACGGC,CATTC,ATTAA,CATAT,AACAT,TCGGA,GTACA,ATCAT,ATATT,GCAAG,CTAAG,GATCA,GGGCC,ACGGA,TAGAG,GCTGT,CCATC,AACGA,ACACG
68,CATGC,CCTGG,TCCAT,CCTGA,GGGTA,TGGGT,GGAAT,CACGC,ACGGA,GCGAT,CAAGC,GCACG,AGCCA,GACCT,CCGAC,GTACA,TGCCC,TAGCT,TCGGG,GGCAT,CCTAT,AATCG,CTATC,GACCG,AACTC,GAGTA,TAAAA,CTTAT,TGTGC,GTATC,TCTCT,GACAG,TGCCG,CTTCA,CGGCA,CTTTA,TCAAT,GCTCC,TGAAT,AGGCC,GACGA,TGTCA,GGTCA,AATAG,GAAGC,TATGT,GCTCA,AAACA,ATCTC,ACTAT
69,CTAGT,TCCAG,CAGCC,TGGGT,CACAC,CCGAG,TGCAA,GTGGT,CTCTC,GCGGA,ACGGA,GGGCG,TGCTG,TTTGA,GGCGT,AAATT,CCAGT,TCGTG,CATCC,ATGCT,GATTG,AACAG,CCCGG,CTAGA,GGACA,ACAGG,TGCAC,CATGT,TTTTA,GGAGG,GCAGC,TCTGG,TGACA,TACGC,GATAT,GTAAG,CACGG,TCTAC,TCCAC,AGCGT,CGGTC,TGTCT,CAATA,ATGGG,TGGGC,GCCTG,TCGAA,CGAGT,CGTGA,AGGAT
70,AGGAA,AAACA,CGGGT,GATGT,AACAA,TGCCT,GAAAT,GCGAC,GTGTA,TCCTA,AATGC,GTGAC,GACCA,CTAGG,GAATT,ACGCA,CCGCT,TATTG,AGGCC,GGCTT,GCTAA,AGCTC,CTCCG,AGTAG,GGTGG,TGGAA,AATCC,TGCGA,ATCTG,TTGCG,CTTGT,GTCAA,TCTTA,GCGAA,CTTGC,CATTG,AACTT,AGTGG,GATCT,ACCAC,CAGGC,CTCGT,TCTCT,TAAGA,ATTGC,TAACG,TGTGG,AATTG,GATCA,CTGTG
71,CACCA,AGGCA,TGCCG,ATCAG,GTATC,ATGTC,TGGAC,TCTTC,GCTAT,AGTCA,AGACG,TGCAA,GAAAT,CACTT,ATGAG,CTATG,TAAGC,CCTCA,AACCC,GGAGG,AACAG,GCACG,CGCGA,GTCAG,AGTCG,GGTGC,AATGG,GCGTT,TGGTA,ACTGT,TCGCT,TGTAA,TAGGC,ATCAG,TCCGC,AGAAA,AGTCT,AACGC,GTAAA,AAAGG,TCATA,GACAA,CCGTA,CCAGA,CAGGT,GGTAC,TCCAA,TGAAA,TCTAG,CCCAT
72,TGTGT,GTCCA,AGTAC,GGACC,TCCGC,ACTTT,AGTGT,GTCCT,ACTCA,GAGCC,AACTG,GACAC,TTCGG,TGTAG,TCCGG,GTTTT,CTTGC,ACAGC,TTTTT,GCTCG,CATTG,TATAA,ATAAG,TCAGA,GTATC,CAAAG,CCTCG,TAAGT,ATCTA,TGCAG,TTGGG,AACTT,CAATA,GTTTT,GTCTT,GGTTC,GATTG,GTGAG,GACTA,TAAGC,CTGGA,CAAGG,GCTCG,CAAAA,ACTTA,AGGCT,TTATA,ATCTC,TAGTG,GCGTA
73,AGTTT,CAGAG,CGGGG,CGTAC,GCCGG,CGGCT,TGTCA,GCATC,TGAAA,AGGCC,CCATG,TTCTT,TTAGA,CCGAG,AGTGC,CGGTG,TAATT,ATTGA,AAAAG,GCACC,ATGGC,GTTAC,TAAAT,AAGGG,AAGCG,AACTA,CAGCA,TGTCC,TACCT,CAGGG,CTGTC,TACCG,ATCTG,GATCT,GAGGC,CTGAT,CCTCC,ATCGA,GTCGA,TGCAT,GTCGA,CAGCA,GGGTG,CACAT,GACGC,TTTTA,AACAC,TTATC,CTAAG,ATGCC
74,CGAAC,TACTC,CTGTG,CTGCC,CCGCG,CAAGC,GTGGT,TAATA,GTTGG,TGACT,CACAT,AGTTG,AAACT,TCTTT,CGTGA,AGGTC,AGCGG,TAAAG,AGTGG,ACGCG,CCGAC,CTATT,CGAGC,GGGCT,CAGAG,TGGGG,AGTAG,TGCAC,GGCCT,ACTAG,AACAC,AGGTG,GTCTC,GAGAC,TTGCA,TTCTC,CAGGA,CTCCT,TTACG,GACTG,ATAAT,AACCG,AAGGT,TAGCG,AGGGA,TAGTC,GATAG,CGAGC,TTGCT,TACTA
75,TAGCC,TATGT,AGTCT,CCTAT,GCTAA,CTGCC,GAAAA,TGGAA,ATCAA,CTTCT,AATCC,ACGGG,CTGGC,CGATA,ATTTA,CATCT,TGTGG,CTGTT,CACAA,AACAC,CTTAG,GTGGT,GAGTC,GAGCT,ATGGT,CCACC,GGGTA,TACAT,ACACA,CGTGA,CGCCG,AATTT,CTCTT,ATACG,GGATT,ATCTG,TAACA,ATGTC,TAGAT,GTTAT,AATCC,GCCCT,CACGA,ACTAA,TGAAT,AGCGA,ACTTC,TTACT,AAAAC,CATCT
76,CGCTC,CAATC,ATCTG,CAAGA,GCGAG,AGTTT,GGGAA,GAGGT,TTAAA,CCTCT,TCAGC,ATGGG,AACGC,TGGAA,TCGAA,GTCAC,CCCTG,CCCAA,ACACG,ATATG,CAATG,GTGAG,ATCGT,TCGCA,TAGAC,CTGAC,TCGAT,ACAGT,ACTCG,ATTTT,GTGAT,CGGTA,CAACA,TGAAA,CAAGG,TTGTA,CTTAA,AGACG,ACAAA,ATCCT,GGTAG,TGTGC,TTAGA,GCTCC,GTCCT,CTTGG,TGTGA,TAGAT,ACCCA,GCGAG
77,CTGGT,ATGCA,AAGCG,CTCTA,GGGAG,CTACA,TATAT,GTCGC,GCAAA,GACAG,CCTCG,CGTTA,CTACG,CTGGA,GGGCT,GAAGT,AACAC,CTGAT,TGGGG,TCATA,CTCAG,GGCAC,GATCC,TCCGA,TGCAA,TGAAG,TGCTT,GCATT,ACGAT,TTGTG,AATGG,ACGTA,GTGAA,CTCAG,ATCAA,CAACA,CACAT,AATGA,CATGT,CCTTC,GTAAT,ACGCG,TTCAG,GCCAC,GTCTG,CGATC,CCCAG,TATTA,TTTGT,ATCGA
78,CCCCT,TCGGA,AGTGA,CTCGT,GCCTC,AGTTC,TTCGG,AGAGT,ATCAT,ATATT,TGGGT,TGGCG,GGACC,GAAGC,ACTAA,GATTT,TATGG,GAGGG,TTTTC,AGCTT,TTGTC,AAAGC,CGTGA,TGACG,TAATG,GCTGG,TTCTC,TCTGT,ATGCA,TTCTG,ACCTC,AAGCG,AGGTG,GAACC,TACAT,ACGGA,GTTAT,TTTGT,CGACT,GTATG,AGATG,CCTGC,GCACA,CCGCT,AGGAG,TAGTT,ACCAT,ACTCC,ACGGC,CATCG
79,TAAAC,TAAGG,TACTA,GGTTA,GCTCA,ACCTT,GTGCC,GATAA,CCGTT,AGCAA,TTATC,CCGAA,GAGCA,CCACA,TTCCA,TCTCC,TGGAC,TGCTT,ACTTG,CTGGG,TGTTG,TCCTA,AGGTC,ATTCC,CTATG,GACTC,TTCGC,CAGTG,TCCGA,GGAAC,AAAAG,TGATT,AATAG,CGGTC,CCTCC,GGATC,TATTG,ACCAA,ACAAT,TCTCT,ATGAC,GTGAT,CGTGG,AATGG,AGCAC,AGAAT,GTCAT,TAAGG,GGCAG,GTACA
80,CATCA,TCACT,CATAC,ATGAG,CGCAT,CAGTC,CATAC,CACTC,GACCT,GAATT,AATCA,TGAAC,CTCCA,TGTCC,ATATA,GTCCC,GGACT,TGGTC,GGCAA,CGGCG,TAAGC,AATCA,CAACG,GTAAT,TGAGT,AGCCA,AATCA,CCCAG,TACTG,CCTTT,GTGTG,CCTTC,CGCCG,TATCC,CCGGC,TTAAA,ATATT,AGGTG,AACCC,CTTAA,TCGGC,CAACT,TGCGT,TCATC,GAAGA,CGCTG,CGTAG,ATAGT,CCACA,CTCCG
81,GGCCC,CCCTA,ATCGA,GGACA,TTCAT,TTCGT,CCTTA,GCGGT,ACGCG,AACAT,ATAGT,TCTGT,ACTCG,CTAGT,GGCTT,TCCCC,TCCGC,TGAAG,AGACG,AACGT,TGAAT,GGGTT,CTGAC,CGCAA,TTGCT,GCCGT,GCTGC,CAGGT,CTTCC,TCATT,AAGGA,AAGCA,CGCGA,CGGAC,CCACT,ACATC,GCGTA,ATGAG,TTTCT,CCAAA,ACCGA,TTTTG,AATAG,GACCA,ATGAT,GAGAG,GACAT,CGGGT,AATGC,TACTT
82,AGAAG,TATTT,TTGAC,CCTTC,TCAAG,AAAGG,CTGTT,CGATC,CGCAT,ACTAC,ACGCT,AATGG,GATTC,GTGAG,CAGTT,CTTTT,GGTAC,ATATC,AGAAA,GTGCG,ATCCG,GTGTA,TGACC,GCCAC,CATAC,CTGTT,TCGGC,CTACT,TGAGA,GCTTC,TGCGG,CCACG,TCGCA,CCGGG,GCAGC,GCCTG,TATCC,GTGAA,TATAG,GAGGT,AGGGT,TGTAG,CGTCA,GAATG,GAATA,GGCAA,CGTCG,ATGAG,GTTGG,TGCAG
83,GGCCT,GATGT,ACTTC,GGCGC,GTTAA,CCTCG,CGACG,GAAAC,TAGCA,CTCTA,GCACC,TCGCA,TCAGT,TACAG,CCTAC,TACAA,GGCGT,TTGTG,AATAT,TTTGC,ACAGA,CACCC,GGTGT,TTACA,TTTAT,GCATT,ATAAG,CGGAT,AATGT,GCGGC,GGATC,AACAT,ATATA,AAGAG,ATTTG,TCTAA,CGTGT,AAACT,CATGA,AGAAT,GCGAC,GCCGA,GACGG,TTATC,TCACA,TCGTC,CTAAC,GTTAA,TCCCA,GCAGT
84,TCGCT,TGCCC,TAGGG,TGGAC,CCACG,AACTG,CGTGA,CTAGG,GGCCC,ATTTC,GTTAA,AACTG,AGTAG,ACCCC,AAATG,CTTGC,AGCAA,TGGGG,GAAGT,AAGGT,AATGC,GGGCT,TGACA,GTCAA,GTGAT,CGTAT,AGTCC,GCGGT,ACAAC,CATGT,GCCAC,GAGGA,CTGGG,AACAG,ATGGG,AGTCC,GCCAA,CGCGG,ATTCA,TGATG,CAGGA,CCCGA,TACCT,ATCGT,TGCCT,TGGGC,GCCGG,CTAGA,GACTG,GGAAC
85,ACGAT,CATTT,ATTGG,TGCAT,GCCTA,GGAAC,GGAGC,TGCGC,ATAGT,GCTGG,GTGCG,GATCT,CTATA,CCTTC,GTTGT,CAACG,TCGAA,TCCTT,TCCAG,TGTCA,TGCCT,GGGAG,TTATA,AGGGC,GCACG,CCAAA,CGGCC,TGTAT,AAAAT,CTGTT,TATTG,GATAA,TAACG,AAGCA,TGGCG,CAGCA,TAAGC,TCACC,TGGCT,GACTA,ATCAC,GTCGT,GAACT,TTAAG,ACTAC,CCTTT,TCTCC,TCCTT,ACTTT,CGTCG
86,CCTCA,CAGCT,ATCCT,TACGA,GCCGA,TACCC,CCAGC,GTTTA,AAAAC,GATTT,CAGCC,ATCGA,CCACA,GCAAG,TTTTA,CAATG,CATTA,AAGCG,CCCCT,CGCGC,AGTAG,ATCAA,AAGGT,GGCCA,ATTGC,GTTCA,CTTGA,AGATA,ACTCA,AAATA,GCAAT,ACCAC,CTAAG,TCCAA,CTATA,GTGTG,TTTTC,ATCAA,GCGAG,AACCT,GATTT,GATTA,GAGGT,CAAAC,TACTC,CTCGT,GAATT,CGGTC,ATGAT,GTCGA
87,ACCCT,GAAAA,ATTAC,ATAAT,GGCTT,CTCCG,AGGGA,ACAAT,GCCCG,TCTAA,CGGTG,ATGAA,GAATG,CCTAC,ACGGT,GTCAT,TGAAT,TCTCA,TGTAT,GTGGC,TGTGA,CTCTG,CGACG,GTCCC,ATGTG,CACTG,ATTAT,TTCCA,TAGGA,TTCTC,CCCTA,ATCGT,AATAA,AACGA,TTTTG,TCTTC,CGTAT,GAGAC,CGCGT,GCGTT,GGGTC,CACGT,AGTAC,CAGAA,ACTTG,TCACT,ACCCT,AGTGG,GTGAC,CTTTC
88,CTAGG,GAGAG,GGTCA,CCGAA,AGAAA,CCTCT,TTTAA,CGTAT,ACCAC,CCTTA,ATCAC,CGCAC,TGCAT,GCGTC,GACCC,ATATT,CGCTA,GACTT,ACTGT,AGATG,ATCAG,CCCGT,AGTCG,AGTGG,GGTCG,GTTAA,GAAGT,AAATT,CACTC,CAAGA,GTGTT,AGAAA,TGTGT,TCTCG,AGACG,TGTTA,TTTAG,ACATC,TGCAG,TCAAG,GGACA,ATGCA,AGACC,CACAG,TATGT,GGGTT,ACACT,TTAGC,TACCC,GAGCA
89,CCAGG,TTGAG,CACAT,AGAAG,CTTAG,TCTTG,GTCAC,TTAAG,CTTGC,CCGGC,TTCTA,TATGT,ACGAG,CTTCA,ACATC,CTCCT,ACGTT,CAGAC,ATCTT,CCATC,TACTG,TAGGA,TACTA,CGCGT,GCCCA,CGGTA,GGACG,ATGGC,AGGGG,GAGCA,ATCCT,CAAGG,GTTTA,AGACA,GAGCC,GGCAC,GCTGG,TCCCG,CTAAC,AGAAA,ACATT,CTAGC,GTACG,CTTTT,CGAGC,CGTCA,GTGTC,AGCCT,CAATC,GGCGC
90,ATCCG,GCAGT,CTGGC,GACGA,GAGAC,TCCCT,TCCAA,GATTG,TATGC,CTTGT,GTTTC,TCTAG,TCCAC,CCTAA,TTGAC,CAACT,TGAAA,GGACG,TATCA,GGCAC,TGTCT,ATGCG,TCAAT,GCTGC,GATTA,GGGGC,TTGCA,GACGA,GGCAA,ATGGA,CGATC,GACAA,GCGGC,AAGAT,GGCAT,GATTC,GGAGT,AGGCT,TTTTC,GAACA,GCGGT,CGTCT,TTGCT,CGACG,TCGTG,ATCCT,TCGGA,GCACA,TTCCC,CAATG
91,CTCAG,TGGAC,AAAGT,TCACA,GGCGG,CCTTG,CACCC,GTCAT,GCAAC,CGCCG,ATGCA,TTTAA,CACCA,GGAAG,GGTGC,ACCGC,TAGAG,ATAAC,GCACA,CCCCA,CCGGA,GCATC,AACAA,GGTTG,ATGGA,AGCGA,AGAGG,CTTAC,AATTC,GGGGT,CGCGC,GGCTT,AGATA,TATCA,GCTAA,GTCCT,TGCAA,GAAGT,CAGTC,CATAA,GCAAA,CGCGA,TTACC,ACGGC,AGAGT,ATTCC,ATGCT,TAATA,CCGGG,TGCCG
92,ACTGC,AGAGA,ATATC,TACGG,ATTCG,AGGCC,GAACG,CAGTA,GATCA,AGACT,TATTG,GTGCG,AATGA,GTATC,ATTGA,AGGCG,GGGCC,ATCCG,GTCTA,TCGCG,GATCT,TCGCA,GTCTA,AAGTA,TCATC,TCTTT,TTATG,TATAA,GAGAA,CATCC,AGTCG,TCCCG,ATGCG,TCCGT,AGCGA,AATGC,GACGA,TGTTC,TCGTT,TAGGG,CTCGG,GTGGT,CCCCA,GTACT,TCAAT,AGATG,CTTCG,TCCGG,AACCT,TAGTG
93,GCGCG,CTAGG,GGTAG,GCTTT,GTTCT,TGTTT,CTGGC,ACTGA,CCACC,GTGTT,GGAGC,CCTGA,CCTTA,GCGTT,GGCTC,ACATC,CAGTC,ACCTT,AGGCA,GTTCT,CTCGC,GGCAA,GAGGG,GTTTA,TCCTT,TGCAT,CGAAA,GTAAG,TACGA,ATGTA,ATACT,GACGG,TGGTT,CATAG,AAACT,TCTAT,CTTAT,TTCGG,CTGTT,CTGCG,ATGAA,GCATT,ATGGG,TCGTG,TAAGC,GAGTC,TAATT,AAGCT,TCTGT,CCGCG
94,AACCA,CCTCT,TTTAA,ATTCG,CGTCC,CCCAC,ATCGA,GACGC,CATGC,GGCGG,CGGGT,TGCGC,GAGTT,TTTCT,TTCAG,ATAAT,GTATC,GACTC,TGTAG,GGACT,GGATG,GAACA,TGAGT,GATAG,ATATG,TTCGA,ACCGC,CCGGG,TTCGT,AACGC,TACTT,TGGAG,CCTGG,GTGAA,AAAGG,CGTCT,TGCGA,GGGGC,CTTAA,ATCGT,GGTTC,TAGCC,ATGAA,TGAAC,ACTTC,GGGGT,TAGCT,CGACC,GTAAG,TTCTA
95,GGTTA,TCTCA,AGGAA,GATGG,CAAGA,ATCTG,ACCCG,AGGAA,GCTTA,CCTTC,CCCTG,TCGAG,ATGGT,CGATC,CTACT,CGGAG,ACATC,ACAAG,TGGAT,AACTT,TGTCA,AGTCC,TGTGT,CACAA,GCGTT,GTATA,GCGTG,ATATA,TGATT,CGCCG,GCTGG,GCGTA,CCCTC,GGATA,GGCTG,TAAAG,TGGTG,GCTGT,ATCTA,AACAA,TGATT,TCGGT,AACCC,CGGGA,ATGGT,CAAGA,GCGGG,CATCG,CGTAT,GGCTT
96,ACACT,CCATC,TCACA,GTCTG,GTGAT,GAAAT,CATTT,ATACG,AAACC,ATGTC,AACAA,AGCGG,ACACA,TAGAT,GGGCC,CCCGA,GACAA,AAAGT,TACTA,TGTTC,CGGGG,CCTAG,ACAAA,AAATG,GTTCG,ATAGG,TCCGC,CGAAA,TTCCA,ACTAC,CGCGT,GACTG,GGTGC,ACGGG,TAACT,AGCCG,GTATA,AACTT,CAGAC,TCATT,ATGCG,TACGC,GGAAC,AGCTT,GTACA,AGTTG,AAAAT,CCGAA,CTGTC,ATGGT
97,ACGGG,TGTAC,AATGG,CTTGC,AAAGC,ACCCC,CGGCC,TTTTT,ACAAG,TCGTT,GCAAA,AAGGT,AAGCG,TTACG,CTATT,GACAC,TAAAG,TTGGT,TAAAA,ATACC,GCCAG,GACCC,ATAGC,CGTAT,TCTAG,TGTGA,TTGGT,GGTCG,TTGTC,GGTAC,CCTGA,ATGCA,CCACG,AATCG,AACAG,AATGG,CATGT,TACGC,GCGCG,CTCGA,CCTCT,AGCAG,CGAAG,ACCCC,AACCG,TTTCG,CGGGG,TTCAT,CGTCA,CCGAT
98,CAATG,ATGGT,GTTCA,ACGCC,AGGTA,TACGC,CTTGC,ACCGC,ACTTA,ATAGT,AACGT,AACAC,AGGGC,AGATG,CACAA,TATTT,AATGG,AACGG,CCGCT,CTTGA,GTATT,CTACT,CGGAA,CGCCC,TTAAA,TACAA,ATGTG,ACCGT,GGGCA,CAATT,TTCCG,TCTCG,AAAGG,CATGA,GGGAA,TTGAC,CCCTC,ACGGC,GTAGA,TGGGC,CTGGC,AAGTT,AAATC,CCTAG,ATTCA,GAGTT,TCGTT,CAAGT,ATTTT,TCGAG
99,TCCTA,TGTGT,CTGCA,TGCGT,GGATA,ACGCA,ATTAT,GGCGC,GGTCC,TAGGC,GCTTT,TACTC,TCACG,CCCTG,TACCG,CCTAT,TGTCG,CGGTT,GTGAC,CACGG,CTTTC,AAGGA,CTATG,ATCCC,TTCGA,ATCAT,CGAAG,CTAAT,AACGG,CAGTT,AAAAA,CCCCA,ATCTT,GTAGT,CAGGG,CGTAA,GAAGG,CCGTG,AGTGG,TAGCG,TTAGG,AGTCT,CGTTC,TGGCT,TAACA,GGTGC,GGCTC,ACGGT,TTTCA,GGATT
100,CGTAT,CATTC,ATACC,CAAAT,TCGGT,AAGAT,ATTCC,TAGGG,GGCGA,CCCAA,AATAT,CCCGT,TGTCT,GCAGC,AATCT,GAGAT,ATTAG,CTGCC,CGACT,GGACA,TAGCC,CTCCA,CGCAG,GCCCC,CTGGC,GGTCA,CGGGA,AGGTC,AATAG,CATTT,ATCCG,ATTAA,GCCAT,ACGGA,CCTCA,TATGG,GTAGT,AGAGC,ATGGG,TCGTT,TGCCA,TGAGT,AAACT,TTGCA,GTGAC,GCTCG,TGATT,ATACG,ATACT,GATAG
101,ACGCG,GCACA,AAGAG,AGGAC,CTAAG,TTCTT,GATTT,CCATC,TGTAT,TTGTC,GCAGA,TCCGT,GGAGG,TTGAA,TTCTT,AACGT,AAGAC,AGCGG,CACTA,CAGGC,GCAGG,GATAC,CTGAA,CCGCT,TGGGT,TTCTT,CGGGT,GCTAC,CGGAG,TAGAA,GATAG,CGCAA,GCCCG,CAGAA,ACTAA,CCAAC,TGTCA,TTTCT,TAAAA,TATAC,TACCG,GCTGA,ATCGT,GTTGC,AAGGA,CGAGA,AAAAG,AAGCG,GTCCG,CAAAA
